id,estacion,linea,grado,betweenness,closeness,autovector,excentricidad,r_grado,r_grado_periferia,r_betweenness,r_betweenness_periferia,r_closeness,r_closeness_periferia,r_autovector,r_autovector_periferia,r_excentricidad,r_excentricidad_periferia,score_central,score_periferico,lat,long,clave_estacion,nombre_norm,demanda_potencial,radios_cubiertos,pasajeros_diarios_promedio,pasajeros_totales_periodo,dias_observados,educacion,salud,comercio,atraccion_total,betweenness_uniforme,betweenness_demanda,betweenness_atraccion,cambio_demanda_vs_uniforme,cambio_atraccion_vs_demanda,betweenness_sube,cambio_sube_vs_atraccion
82,Corrientes,H,3.0,0.325374531835206,0.05890138980807412,0.06840535455877898,31,6.0,72.0,2.0,89.0,2.0,89.0,35.0,56.0,2.0,88.0,9.4,78.8,-34.6044902,-58.40545033,Corrientes (H),corrientes,81224,113,2994.6043956043954,1090036,364,14,6,129,149,0.31814398668331234,0.2763737149656038,0.2587771814733053,-0.04177027171770853,-0.017596533492298505,0.17668262416931746,-0.08209455730398785
45,9 de Julio,D,4.0,0.14917432754511406,0.053293413173652694,0.24014351589665808,39,1.0,86.0,16.0,75.0,8.0,83.0,4.0,87.0,18.0,70.0,9.4,80.2,-34.6042452,-58.38057434,9 de Julio (D),9 de julio,33877,65,2382.1635220125786,757528,318,12,11,37,60,0.14585934248855587,0.09814269973497596,0.12149683675517473,-0.04771664275357991,0.02335413702019877,0.15963276747189065,0.03813593071671592
83,Once,H,3.0,0.3357167177391896,0.05913621262458472,0.06740939063025898,33,6.0,72.0,1.0,90.0,1.0,90.0,37.0,54.0,4.0,86.0,9.8,78.4,-34.60893524,-58.40603638,Once (H),once,81061,110,8553.021978021978,3113300,364,12,12,102,126,0.32825634623387445,0.27160709339445144,0.22810372130777043,-0.056649252839423014,-0.04350337208668101,0.14998897672514253,-0.0781147445826279
38,Diagonal Norte,C,4.0,0.11623255022131429,0.052383755150088286,0.2593178268736534,36,1.0,86.0,31.0,60.0,12.0,79.0,2.0,89.0,8.0,82.0,10.8,79.2,-34.60484374,-58.37952998,Diagonal Norte (C),diagonal norte,30842,59,2977.2747252747254,1083728,364,12,9,37,58,0.11364960466084054,0.06744240224659692,0.08362858281477285,-0.046207202414243614,0.01618618056817593,0.13870061835322772,0.05507203553845487
25,Pueyrredón,B,3.0,0.254979570990807,0.05426829268292683,0.06747187464752323,36,6.0,72.0,3.0,88.0,6.0,85.0,36.0,55.0,8.0,82.0,11.8,76.4,-34.60458106,-58.40539944,Pueyrredón (B),pueyrredon,80093,111,6294.65228426396,2480093,364,14,8,129,151,0.24931335830212253,0.17140549297321236,0.15876182814332435,-0.07790786532891017,-0.012643664829888018,0.23633271393026997,0.07757088578694563
60,Bolívar,E,4.0,0.12525536261491318,0.05263157894736842,0.2777984503619328,40,1.0,86.0,25.0,66.0,11.0,80.0,1.0,90.0,22.0,62.0,12.0,76.8,-34.60924243,-58.37368422,Bolívar (E),bolivar,22911,42,5880.6373626373625,2140552,364,26,9,23,58,0.12247191011235947,0.0623159772457557,0.06402715666522162,-0.06015593286660377,0.0017111794194659136,0.0605487491207626,-0.0034784075444590154
85,Humberto 1º,H,3.0,0.2327630234933606,0.054904380012338064,0.05723286730571388,37,6.0,72.0,6.0,85.0,5.0,86.0,42.0,49.0,10.0,81.0,13.8,74.6,-34.62309232,-58.40232273,Humberto 1º (H),humberto 1o,65221,81,3579.0164835164837,1302762,364,4,8,20,32,0.22759051186017482,0.15075747942109674,0.11417801171079538,-0.07683303243907808,-0.036579467710301364,0.10298573273282731,-0.011192278977968068
80,Santa Fe,H,3.0,0.18935137895812054,0.05374396135265701,0.045907053626862517,31,6.0,72.0,9.0,82.0,7.0,84.0,48.0,43.0,2.0,88.0,14.4,73.8,-34.5945254,-58.40237618,Santa Fe (H),santa fe,114052,137,6802.057692307692,2475949,364,20,35,107,162,0.1851435705368289,0.16154330145808893,0.1615439495366182,-0.023600269078739966,6.480785292584113e-07,0.09983097645218524,-0.06171297308443295
39,Avenida de Mayo,C,3.0,0.10486891385767791,0.05235294117647059,0.2525963488941278,38,6.0,72.0,42.0,49.0,13.0,78.0,3.0,88.0,11.0,74.0,15.0,72.2,-34.60898331,-58.38061072,Avenida de Mayo (C),avenida de mayo,38600,67,2625.3763736263736,955637,364,13,9,15,37,0.10253849354972938,0.06574738608537031,0.06885031438562642,-0.03679110746435907,0.0031029283002561026,0.1420674414454138,0.07321712705978739
49,Pueyrredón,D,3.0,0.24093462717058223,0.050654524758110414,0.06568319799606055,38,6.0,72.0,4.0,87.0,18.0,72.0,38.0,53.0,11.0,74.0,15.4,71.6,-34.59442572,-58.40239534,Pueyrredón (D),pueyrredon,114579,138,3596.3382352941176,1222755,340,18,33,106,157,0.2355805243445696,0.18850897054150503,0.21562248096244943,-0.047071553803064575,0.027113510420944398,0.23330288809801278,0.017680407135563347
84,Venezuela,H,2.0,0.20773748723186927,0.056579783852511126,0.057830440043827216,35,20.0,9.0,8.0,83.0,3.0,88.0,41.0,50.0,6.0,84.0,15.6,62.8,-34.61524215,-58.40473171,Venezuela (H),venezuela,76973,101,3938.3516483516482,1433560,364,16,15,19,50,0.20312109862671648,0.14630688197471153,0.11391107101441869,-0.05681421665200495,-0.03239581096029284,0.0976777634300232,-0.016233307584395493
9,Plaza Miserere,A,3.0,0.23650834184542038,0.053102625298329355,0.05715769438511208,39,6.0,72.0,5.0,86.0,9.0,82.0,43.0,48.0,18.0,70.0,16.2,71.6,-34.60981725,-58.40670712,Plaza Miserere (A),plaza miserere,77341,105,8719.263736263736,3173812,364,16,12,85,113,0.2312526009155225,0.19702795407846893,0.15925788306539548,-0.03422464683705356,-0.03777007101307345,0.17797234732764328,0.018714464262247793
81,Córdoba,H,2.0,0.1797752808988764,0.05548628428927681,0.053037275642408316,30,20.0,9.0,12.0,79.0,4.0,87.0,45.0,46.0,1.0,90.0,16.4,62.2,-34.59845511,-58.4037215,Córdoba (H),cordoba,99144,127,4620.662087912088,1681921,364,20,26,69,115,0.17578027465667903,0.16304922084062973,0.1649315689762186,-0.012731053816049304,0.0018823481355888794,0.10735987317984735,-0.05757169579637125
21,Carlos Pellegrini,B,4.0,0.11933946203609126,0.050225733634311515,0.16732044181567116,40,1.0,86.0,28.0,63.0,22.0,68.0,15.0,76.0,22.0,62.0,17.6,71.0,-34.60363711,-58.38071485,Carlos Pellegrini (B),carlos pellegrini,34559,67,10392.112637362638,3782729,364,11,10,43,64,0.11668747399084467,0.05623533198881019,0.07473100777776975,-0.06045214200203448,0.01849567578895956,0.14342855343138797,0.06869754565361821
44,Catedral,D,3.0,0.08622744296901602,0.052976190476190475,0.2070738425149083,38,6.0,72.0,52.0,39.0,10.0,81.0,9.0,82.0,11.0,74.0,17.6,69.6,-34.60780233,-58.3739558,Catedral (D),catedral,22213,42,10582.574603174604,3333511,315,22,11,27,60,0.08431127756970451,0.051167886597946285,0.058707960233888155,-0.033143390971758224,0.00754007363594187,0.042129381751755846,-0.01657857848213231
66,Jujuy,E,3.0,0.2314862104187947,0.05153445280833816,0.06942441144134959,42,6.0,72.0,7.0,84.0,15.0,76.0,34.0,57.0,38.0,47.0,20.0,67.2,-34.62386571,-58.40293658,Jujuy (E),jujuy,63307,78,1803.85989010989,656605,364,5,8,16,29,0.22634207240948767,0.13598263285189388,0.10229950585411507,-0.09035943955759379,-0.03368312699777881,0.07482913923970896,-0.027470366614406105
46,Tribunales,D,2.0,0.12155260469867211,0.0508280982295831,0.16501651067198592,41,20.0,9.0,27.0,64.0,17.0,74.0,16.0,75.0,30.0,54.0,22.0,55.2,-34.60158716,-58.38514235,Tribunales (D),tribunales,56649,96,5601.983766233766,1725411,308,17,7,28,52,0.11885143570536817,0.08596140501820239,0.10881117259077215,-0.03289003068716578,0.022849767572569762,0.1395284138032398,0.030717241212467647
24,Pasteur,B,2.0,0.11435989104528432,0.052230046948356805,0.07246752767546005,38,20.0,9.0,33.0,58.0,14.0,77.0,33.0,58.0,11.0,74.0,22.2,55.2,-34.60464297,-58.39947426,Pasteur (B),pasteur,85589,119,5645.744274809161,1479185,262,25,9,25,59,0.11181856013316678,0.06173946942843337,0.0755117515213761,-0.05007909070473341,0.013772282092942727,0.17028020114852027,0.09476844962714417
22,Uruguay,B,2.0,0.10606060606060609,0.050339366515837106,0.11878632759267853,38,20.0,9.0,41.0,50.0,21.0,70.0,20.0,71.0,11.0,74.0,22.6,54.8,-34.60409355,-58.38729613,Uruguay (B),uruguay,54539,93,6843.834710743801,2484312,363,21,10,34,65,0.1037037037037036,0.04903101247768346,0.06293603751826243,-0.05467269122602014,0.013905025040578972,0.14227215940705282,0.07933612188879038
26,Carlos Gardel,B,2.0,0.18386108273748725,0.05,0.04559855471342936,38,20.0,9.0,10.0,80.0,24.0,65.0,49.0,42.0,11.0,74.0,22.8,54.0,-34.60407952,-58.4117626,Carlos Gardel (B),carlos gardel,81279,109,8564.380165289256,3108870,363,12,7,24,43,0.17977528089887665,0.10086500432870296,0.09292768204214537,-0.07891027657017369,-0.007937322286557594,0.2012661018550597,0.10833841981291432
77,Correo Central,E,3.0,0.06767109295199183,0.05,0.19809236585716314,39,6.0,72.0,57.0,34.0,24.0,65.0,12.0,79.0,18.0,70.0,23.4,64.0,-34.60301391,-58.3704125,Correo Central (E),correo central,19036,36,4141.32967032967,1507444,364,15,5,19,39,0.06616729088639196,0.027000708237347036,0.029090541018466504,-0.03916658264904493,0.0020898327811194675,0.04793182366959571,0.018841282651129207
23,Callao,B,2.0,0.10848655090228125,0.05056818181818182,0.08872819260319321,40,20.0,9.0,36.0,55.0,20.0,71.0,28.0,63.0,22.0,62.0,25.2,52.0,-34.60441954,-58.39231424,Callao (B),callao,69278,111,8552.332417582418,3113049,364,44,24,39,107,0.10607573866000825,0.05210556501091973,0.06258136308717735,-0.053970173649088515,0.01047579807625762,0.15522975654310103,0.09264839345592368
62,Independencia,E,3.0,0.12359550561797754,0.04925290536801328,0.20245203095968334,44,6.0,72.0,26.0,65.0,32.0,58.0,10.0,81.0,54.0,32.0,25.6,61.6,-34.61793739,-58.38153494,Independencia (E),independencia,60129,95,5440.720812182741,2143644,364,13,4,25,42,0.12084893882646688,0.06536107995864855,0.060525698009236135,-0.05548785886781833,-0.0048353819494124164,0.06198859878429025,0.0014629007750541143
2,Perú,A,4.0,0.08482294858699349,0.05,0.23775306478735123,43,1.0,86.0,54.0,37.0,24.0,65.0,5.0,86.0,45.0,38.0,25.8,62.4,-34.60855907,-58.37426773,Perú (A),peru,22445,40,5286.607142857143,1924325,364,24,11,26,61,0.08293799417394918,0.0432746015529945,0.04608726543593366,-0.039663392620954675,0.0028126638829391593,0.07214575918868697,0.026058493752753313
48,Facultad de Medicina,D,2.0,0.11657303370786518,0.049444444444444444,0.08408310955791148,40,20.0,9.0,30.0,61.0,29.0,62.0,30.0,61.0,22.0,62.0,26.2,51.0,-34.59975708,-58.39792375,Facultad de Medicina (D),facultad de medicina,90884,123,8617.887323943662,2447480,284,41,23,18,82,0.11398252184769027,0.08778018422291667,0.11175910020970961,-0.0262023376247736,0.023978915986792942,0.1533857201347989,0.04162661992508929
40,Moreno,C,2.0,0.06920326864147089,0.050225733634311515,0.20071457119368571,40,20.0,9.0,56.0,35.0,22.0,68.0,11.0,80.0,22.0,62.0,26.2,50.8,-34.61261728,-58.38044447,Moreno (C),moreno,52063,84,2849.510989010989,1037222,364,19,8,11,38,0.06766541822721595,0.04181394813699034,0.0404861676981561,-0.025851470090225606,-0.0013277804388342404,0.12408218113865178,0.08359601344049569
4,Lima,A,3.0,0.10401770514130067,0.04922566371681416,0.2111485192124412,43,6.0,72.0,43.0,48.0,34.0,57.0,7.0,84.0,45.0,38.0,27.0,59.8,-34.60909981,-58.3822324,Lima (A),lima,44670,75,4098.159340659341,1491730,364,13,6,12,31,0.10170620058260496,0.06541476453213074,0.06830553659819608,-0.03629143605047422,0.0028907720660653335,0.11357962478872055,0.045274088190524475
61,Belgrano,E,2.0,0.08516343207354443,0.050654524758110414,0.2227941489812759,42,20.0,9.0,53.0,38.0,18.0,72.0,6.0,85.0,38.0,47.0,27.0,50.2,-34.61284911,-58.37758089,Belgrano (E),belgrano,42199,72,2338.8626373626375,851346,364,20,7,19,46,0.08327091136079903,0.044302313678321326,0.04453210710093532,-0.03896859768247771,0.00022979342261399138,0.04946930805328966,0.004937200952354344
47,Callao,D,2.0,0.11529622063329929,0.049144119271120924,0.11556138061515306,41,20.0,9.0,32.0,59.0,35.0,56.0,22.0,69.0,30.0,54.0,27.8,49.4,-34.59963955,-58.39312518,Callao (D),callao,77743,111,6321.424332344213,2130320,317,56,21,46,123,0.11273408239700364,0.08248826080883731,0.10139759499553519,-0.030245821588166327,0.01890933418669788,0.14432091377699388,0.04292331878145869
63,San José,E,2.0,0.11350868232890705,0.04925290536801328,0.14158213014998808,42,20.0,9.0,35.0,56.0,32.0,58.0,18.0,73.0,38.0,47.0,28.6,48.6,-34.62233949,-58.38514855,San José (E),san jose,64362,93,1834.3131868131868,667690,364,22,1,15,38,0.11098626716604244,0.05860724956548312,0.05166792212224375,-0.052379017600559324,-0.006939327443239371,0.05116164320283875,-0.0005062789194049955
50,Agüero,D,2.0,0.18386108273748725,0.04691618344754876,0.04438123999847725,40,20.0,9.0,10.0,80.0,45.0,46.0,50.0,41.0,22.0,62.0,29.4,47.6,-34.59162784,-58.40716132,Agüero (D),aguero,125052,148,4804.176848874598,1494099,311,17,19,88,124,0.17977528089887662,0.12642380650980806,0.15484103470209398,-0.053351474389068565,0.028417228192285926,0.18634163753372598,0.031500602831632
10,Loria,A,2.0,0.16547497446373852,0.0489010989010989,0.03861757507359138,41,20.0,9.0,13.0,76.0,36.0,55.0,51.0,40.0,30.0,54.0,30.0,46.8,-34.61078169,-58.41518571,Loria (A),loria,81420,104,4540.7170329670325,1652821,364,19,11,11,41,0.1617977528089889,0.1232665324307517,0.1006447508926865,-0.038531220378237196,-0.022621781538065197,0.15066087157359875,0.050016120680912254
8,Alberti,A,2.0,0.1023152877085461,0.05091533180778032,0.06211023085075036,41,20.0,9.0,44.0,47.0,16.0,75.0,40.0,51.0,30.0,54.0,30.0,47.2,-34.60983358,-58.40120753,Alberti (A),alberti,83110,115,2781.7906336088154,1009790,363,13,16,24,53,0.1000416146483561,0.07947703209993776,0.07036709467618243,-0.02056458254841835,-0.009109937423755321,0.13356587194104122,0.06319877726485879
41,Independencia,C,3.0,0.07533197139938713,0.048501362397820165,0.1800603313139387,42,6.0,72.0,55.0,36.0,39.0,52.0,13.0,78.0,38.0,47.0,30.2,57.0,-34.6181256,-58.38017361,Independencia (C),independencia,57252,94,3419.027918781726,1347097,364,21,1,26,48,0.07365792759051183,0.04521438418835536,0.03927393043065386,-0.02844354340215647,-0.005940453757701504,0.1411556591393447,0.10188172870869083
5,Sáenz Peña,A,2.0,0.09146237657473609,0.0483695652173913,0.1458574874732686,41,20.0,9.0,46.0,45.0,41.0,50.0,17.0,74.0,30.0,54.0,30.8,46.4,-34.60941259,-58.38677719,Sáenz Peña (A),saenz pena,59490,94,4316.142857142857,1571076,364,14,8,10,32,0.08942987931751968,0.058523913738073606,0.05924135917712164,-0.030905965579446075,0.0007174454390480312,0.1152042455355737,0.055962886358452056
27,Medrano,B,2.0,0.16547497446373852,0.04625779625779626,0.030809584970397066,40,20.0,9.0,13.0,76.0,46.0,45.0,54.0,37.0,22.0,62.0,31.0,45.8,-34.6031649,-58.42096247,Medrano (B),medrano,84548,106,8978.29945054945,3268101,364,16,3,17,36,0.1617977528089889,0.0789356127498452,0.0766548866256627,-0.08286214005914369,-0.0022807261241825083,0.1824824414979056,0.10582755487224291
64,Entre Ríos,E,2.0,0.11401940755873341,0.04936217415418746,0.1027369253911138,43,20.0,9.0,34.0,57.0,30.0,61.0,27.0,64.0,45.0,38.0,31.2,45.8,-34.62271967,-58.3915117,Entre Ríos (E),entre rios,71033,96,2532.2445054945056,921737,364,24,6,12,42,0.11148564294631708,0.05939584323316138,0.049601987209754214,-0.05208979971315569,-0.009793856023407169,0.05042360870523763,0.0008216214954834128
37,Lavalle,C,2.0,0.0427732379979571,0.047875201721355565,0.16849625291126466,38,20.0,9.0,69.0,22.0,42.0,49.0,14.0,77.0,11.0,74.0,31.2,46.2,-34.60176992,-58.37815578,Lavalle (C),lavalle,33853,63,3802.2005494505493,1384001,364,17,17,75,109,0.04182272159800251,0.020364251634940257,0.024232027599861528,-0.021458469963062252,0.0038677759649212717,0.05876927760805434,0.03453725000819281
65,Pichincha,E,2.0,0.11784984678243106,0.04988789237668161,0.07987096753302066,44,20.0,9.0,29.0,62.0,27.0,64.0,31.0,60.0,54.0,32.0,32.2,45.4,-34.62310987,-58.39706807,Pichincha (E),pichincha,64642,85,1551.6263736263736,564792,364,18,8,13,39,0.11523096129837695,0.06662830530492256,0.05297945934882424,-0.0486026559934544,-0.013648845956098318,0.05249283487134264,-0.00048662447748160087
7,Pasco,A,2.0,0.09478209056860738,0.04928017718715393,0.07671837769040042,43,20.0,9.0,45.0,46.0,31.0,60.0,32.0,59.0,45.0,38.0,34.6,42.4,-34.60964596,-58.39842699,Pasco (A),pasco,81685,117,1628.1349862258953,591013,363,24,14,22,60,0.09267582188930495,0.06585318859270885,0.06016371870319265,-0.026822633296596107,-0.005689469889516199,0.13233546449980582,0.07217174579661317
86,Inclán,H,2.0,0.0658835546475996,0.04985994397759104,0.03775498099690776,39,20.0,9.0,58.0,29.0,28.0,63.0,52.0,39.0,18.0,70.0,35.2,42.0,-34.62937565,-58.40096955,Inclán (H),inclan,51235,63,3366.054945054945,1225244,364,6,3,13,22,0.0644194756554307,0.03153570691796302,0.023929193737202436,-0.03288376873746768,-0.007606513180760586,0.06040754621901674,0.0364783524818143
6,Congreso,A,2.0,0.09095165134490973,0.04847494553376906,0.10325719733472188,43,20.0,9.0,47.0,44.0,40.0,51.0,26.0,65.0,45.0,38.0,35.6,41.4,-34.60922568,-58.39266882,Congreso (A),congreso,75025,115,7020.241758241758,2555368,364,24,19,25,68,0.08893050353724502,0.058559899858267775,0.054865285251673716,-0.030370603678977245,-0.0036946146065940585,0.11940201358487398,0.06453672833320026
51,Bulnes,D,2.0,0.16547497446373852,0.043606075453209214,0.029980532031025308,42,20.0,9.0,13.0,76.0,56.0,35.0,55.0,36.0,38.0,47.0,36.4,40.6,-34.58823711,-58.4112939,Bulnes (D),bulnes,115091,141,7927.234920634921,2497079,315,11,19,101,131,0.1617977528089889,0.10407624318487346,0.13255971038110026,-0.05772150962411543,0.028483467196226797,0.18459471092773982,0.052035000546639565
67,General Urquiza,E,2.0,0.14657814096016344,0.047466666666666664,0.04687592520957571,44,20.0,9.0,17.0,71.0,44.0,47.0,47.0,44.0,54.0,32.0,36.4,40.6,-34.62465379,-58.40939078,General Urquiza (E),general urquiza,56903,68,2207.848901098901,803657,364,21,4,13,38,0.14332084893882643,0.07256758367346217,0.0507100498786064,-0.07075326526536427,-0.021857533794855763,0.05092857967728051,0.00021852979867410804
20,Florida,B,2.0,0.04085801838610827,0.04769560557341908,0.11701771556428701,41,20.0,9.0,70.0,21.0,43.0,48.0,21.0,70.0,30.0,54.0,36.8,40.4,-34.60329729,-58.37507152,Florida (B),florida,25090,48,7369.565934065934,2682522,364,24,9,57,90,0.039950062421972535,0.01491254515301867,0.018262075328549517,-0.025037517268953865,0.0033495301755308467,0.051954794074727306,0.03369271874617779
76,Catalinas,E,2.0,0.02259959141981614,0.04587628865979381,0.12089976515258756,41,20.0,9.0,72.0,19.0,47.0,44.0,19.0,72.0,30.0,54.0,37.6,39.6,-34.59659682,-58.37170033,Catalinas (E),catalinas,23457,44,2762.368131868132,1005502,364,5,7,22,34,0.022097378277153565,0.010452792136428263,0.0084598215697025,-0.011644586140725301,-0.0019929705667257637,0.024419178398580627,0.015959356828878127
3,Piedras,A,2.0,0.06537282941777324,0.0485278080697928,0.20825089905209662,45,20.0,9.0,63.0,28.0,38.0,53.0,8.0,83.0,60.0,28.0,37.8,40.2,-34.60888172,-58.37908515,Piedras (A),piedras,33565,57,3206.151098901099,1167039,364,18,11,24,53,0.06392009987515605,0.03745076832354191,0.03935934273954428,-0.026469331551614142,0.0019085744160023677,0.07215573262784375,0.03279638988829947
11,Castro Barros,A,2.0,0.14657814096016344,0.04522357723577236,0.026077590817339746,43,20.0,9.0,17.0,71.0,51.0,40.0,57.0,34.0,45.0,38.0,38.0,38.4,-34.61177023,-58.42181567,Castro Barros (A),castro barros,81656,98,5115.013736263736,1861865,364,31,4,17,52,0.14332084893882652,0.10476931541824062,0.08422384841228972,-0.03855153352058589,-0.020545467005950904,0.142057468006257,0.05783361959396727
79,Las Heras,H,2.0,0.02247191011235955,0.048687089715536105,0.027141947897007822,33,20.0,9.0,73.0,12.0,37.0,54.0,56.0,35.0,4.0,86.0,38.0,39.2,-34.58746155,-58.39721558,Las Heras (H),las heras,81211,100,5733.195054945055,2086883,364,13,11,47,71,0.021972534332084896,0.014926409328080509,0.008829754349168524,-0.007046125004004387,-0.006096654978911984,0.002098621565724964,-0.006731132783443561
28,Ángel Gallardo,B,2.0,0.14657814096016344,0.04295366795366795,0.02080635627998158,42,20.0,9.0,17.0,71.0,57.0,34.0,60.0,31.0,38.0,47.0,38.4,38.4,-34.60216223,-58.43127386,Ángel Gallardo (B),angel gallardo,76859,99,7665.7829670329675,2790345,364,14,11,14,39,0.14332084893882652,0.060534399122496356,0.06259781123008774,-0.08278644981633015,0.0020634121075913878,0.1684818325931992,0.10588402136311147
36,General San Martín,C,2.0,0.022344228804902964,0.04408122833085686,0.10388949724645402,40,20.0,9.0,80.0,11.0,54.0,37.0,25.0,66.0,22.0,62.0,40.2,37.0,-34.5950574,-58.37781905,General San Martín (C),general san martin,40846,60,2874.947802197802,1046481,364,12,8,60,80,0.021847690387016235,0.008092360320055383,0.006740033110604212,-0.013755330066960851,-0.0013523272094511712,0.047258354067588416,0.040518320956984204
68,Boedo,E,2.0,0.127170582226762,0.043907252096694625,0.031612880512784665,46,20.0,9.0,21.0,67.0,55.0,36.0,53.0,38.0,64.0,24.0,42.6,34.8,-34.62536611,-58.41553282,Boedo (E),boedo,55081,67,3177.552197802198,1156629,364,6,7,20,33,0.12434456928838944,0.05884159543687604,0.039786329155577664,-0.06550297385151341,-0.019055266281298375,0.04393877358193443,0.0041524444263567675
19,Leandro N. Alem,B,2.0,0.03153728294177732,0.045781893004115226,0.08491878414874415,43,20.0,9.0,71.0,20.0,48.0,43.0,29.0,62.0,45.0,38.0,42.6,34.4,-34.60298949,-58.36992985,Leandro N. Alem (B),leandro n alem,17820,34,10306.417582417582,3751536,364,15,5,14,34,0.030836454431960047,0.012316492580042325,0.015557844165083986,-0.018519961851917722,0.003241351585041661,0.021638163627392314,0.006080319462308328
52,Scalabrini Ortiz,D,2.0,0.14657814096016344,0.040657834627683874,0.02024147865044398,44,20.0,9.0,17.0,71.0,64.0,27.0,61.0,30.0,54.0,32.0,43.2,33.8,-34.58515594,-58.41595542,Scalabrini Ortiz (D),scalabrini ortiz,95064,123,5049.890151515152,1333171,264,17,14,86,117,0.14332084893882652,0.0863005297881247,0.11476665770328379,-0.05702031915070181,0.02846612791515908,0.17631990593472124,0.06155324823143746
87,Caseros,H,2.0,0.04443309499489275,0.045570916538658475,0.024140166704462784,41,20.0,9.0,64.0,23.0,49.0,42.0,58.0,33.0,30.0,54.0,44.2,32.2,-34.63575018,-58.39892758,Caseros (H),caseros,33420,39,4091.0054945054944,1489126,364,14,0,3,17,0.04344569288389508,0.020308590048151463,0.015881450435991526,-0.02313710283574362,-0.004427139612159937,0.045309859007065405,0.02942840857107388
12,Río de Janeiro,A,2.0,0.127170582226762,0.041981132075471696,0.0175886200601599,45,20.0,9.0,21.0,67.0,59.0,32.0,62.0,29.0,60.0,28.0,44.4,33.0,-34.61520561,-58.42950032,Río de Janeiro (A),rio de janeiro,81716,99,5864.340659340659,2134620,364,17,10,15,42,0.12434456928838945,0.0874041328288475,0.07098798713353281,-0.03694043645954195,-0.016416145695314688,0.1317932243603876,0.06080523722685478
42,San Juan,C,2.0,0.02247191011235955,0.04434479322371699,0.1064393121479366,44,20.0,9.0,73.0,12.0,53.0,38.0,24.0,67.0,54.0,32.0,44.8,31.6,-34.62191673,-58.37992118,San Juan (C),san juan,57061,89,2625.7994505494507,955791,364,17,1,18,36,0.0219725343320849,0.013138418734480984,0.010940623510522803,-0.008834115597603916,-0.0021977952239581808,0.12459450096059967,0.11365387745007687
29,Malabia,B,2.0,0.127170582226762,0.04001798561151079,0.014034317542745619,44,20.0,9.0,21.0,67.0,65.0,26.0,65.0,26.0,54.0,32.0,45.0,32.0,-34.59896736,-58.4397715,Malabia (B),malabia,70473,97,9283.355371900827,3369858,363,20,11,44,75,0.12434456928838945,0.044282416531378585,0.045666363074090555,-0.08006215275701087,0.0013839465427119696,0.14704838692744587,0.10138202385335532
53,Plaza Italia,D,2.0,0.127170582226762,0.038017941050832976,0.013649533293265076,46,20.0,9.0,21.0,67.0,68.0,23.0,66.0,25.0,64.0,24.0,47.8,29.6,-34.58141119,-58.42119601,Plaza Italia (D),plaza italia,71961,92,6464.003095975232,2087873,323,18,10,79,107,0.12434456928838945,0.07351944094094709,0.10012301437115768,-0.050825128347442364,0.026603573430210595,0.1647465171700629,0.0646235027989052
75,Retiro,E,2.0,0.0022982635342185904,0.042441583214115404,0.06251726777679051,43,20.0,9.0,81.0,10.0,58.0,33.0,39.0,52.0,45.0,38.0,48.6,28.4,-34.59211436,-58.37584984,Retiro (E),retiro,36246,51,2981.6116751269037,1174755,364,7,1,13,21,0.002247191011235955,0.0006955594573521225,0.0010618264502258808,-0.0015516315538838324,0.0003662669928737582,0.001966867185285503,0.0009050407350596221
35,Retiro,C,2.0,0.0021705822267620023,0.04090073529411765,0.05544614282214773,42,20.0,9.0,82.0,9.0,61.0,30.0,44.0,47.0,38.0,47.0,49.0,28.4,-34.59119381,-58.37401822,Retiro (C),retiro,27647,41,17899.78426395939,7052515,364,6,2,7,15,0.0021223470661672905,0.000933829314180377,0.0014217657856428864,-0.0011885177519869135,0.00048793647146250945,0.0017658236485989943,0.0003440578629561079
69,Avenida La Plata,E,2.0,0.10725229826353422,0.0407695831424645,0.021262440716973464,48,20.0,9.0,37.0,51.0,62.0,28.0,59.0,32.0,69.0,20.0,49.4,28.0,-34.62701547,-58.42678902,Avenida La Plata (E),avenida la plata,56641,69,3374.717032967033,1228397,364,11,5,19,35,0.10486891385767776,0.04566971938214127,0.029214612649886403,-0.05919919447553649,-0.016455106732254865,0.03627602280243142,0.007061410152545015
13,Acoyte,A,2.0,0.10725229826353422,0.03910369068541301,0.011831386212881972,47,20.0,9.0,37.0,51.0,66.0,25.0,68.0,23.0,68.0,23.0,51.8,26.2,-34.61827997,-58.43642853,Acoyte (A),acoyte,94821,111,8047.755494505494,2929383,364,17,11,65,93,0.10486891385767776,0.06722663534671733,0.050085341617538845,-0.03764227851096043,-0.017141293729178483,0.11226313082002663,0.06217778920248779
30,Dorrego,B,2.0,0.10725229826353422,0.037394957983193276,0.009441240274098725,46,20.0,9.0,37.0,51.0,70.0,21.0,69.0,22.0,64.0,24.0,52.0,25.4,-34.59171815,-58.44757309,Dorrego (B),dorrego,40064,50,6933.5192307692305,2523801,364,12,3,19,34,0.10486891385767776,0.0364285762088445,0.0391420973315032,-0.06844033764883325,0.002713521122658699,0.13504141601839315,0.09589931868688994
88,Parque Patricios,H,2.0,0.02247191011235955,0.04188235294117647,0.014273507984939048,43,20.0,9.0,73.0,12.0,60.0,31.0,63.0,28.0,45.0,38.0,52.2,23.6,-34.63840599,-58.40579483,Parque Patricios (H),parque patricios,35434,41,6172.780219780219,2246892,364,12,3,9,24,0.021972534332084903,0.009159241783246124,0.00714790577873545,-0.012813292548838779,-0.0020113360045106747,0.024044387053426142,0.01689648127469069
54,Palermo,D,2.0,0.10725229826353422,0.03564277132559071,0.009179620624801706,48,20.0,9.0,37.0,51.0,72.0,19.0,71.0,20.0,69.0,20.0,53.8,23.8,-34.57842202,-58.42571144,Palermo (D),palermo,52661,69,9413.406779661016,2776955,295,13,15,84,112,0.10486891385767808,0.06477794565661889,0.08651546150389215,-0.04009096820105919,0.021737515847273264,0.14024335191542525,0.0537278904115331
70,José María Moreno,E,2.0,0.08682328907048008,0.03798548868971404,0.014215674841593624,50,20.0,9.0,48.0,40.0,69.0,22.0,64.0,27.0,73.0,16.0,54.8,22.8,-34.62801755,-58.43381625,José María Moreno (E),jose maria moreno,59825,72,2775.7115384615386,1010359,364,6,1,16,23,0.08489388264669155,0.03260041162540071,0.02060098887667392,-0.05229347102129084,-0.011999422748726792,0.029400648798463037,0.008799659921789115
14,Primera Junta,A,2.0,0.08682328907048008,0.036535303776683084,0.00791130501163872,49,20.0,9.0,48.0,40.0,71.0,20.0,72.0,19.0,72.0,19.0,56.6,21.4,-34.62040521,-58.44117763,Primera Junta (A),primera junta,83638,102,7724.2692307692305,2811634,364,12,8,28,48,0.08489388264669155,0.050996788759949785,0.03822989812388684,-0.033897093886741766,-0.012766890636062948,0.09498388502199404,0.0567539868981072
31,Federico Lacroze,B,2.0,0.08682328907048008,0.03503937007874016,0.006313606001728946,48,20.0,9.0,48.0,40.0,74.0,17.0,74.0,17.0,69.0,20.0,57.0,20.6,-34.58719785,-58.45502928,Federico Lacroze (B),federico lacroze,25422,31,15754.706043956045,5734713,364,9,5,21,35,0.08489388264669155,0.03169498947168266,0.033548824819271204,-0.05319889317500889,0.0018538353475885463,0.08424511563940243,0.050696290820131225
78,Facultad de Derecho,H,1.0,0.0,0.04441117764471058,0.01259296828925936,35,83.0,1.0,83.0,1.0,52.0,39.0,67.0,24.0,6.0,84.0,58.2,29.8,-34.58303634,-58.39101883,Facultad de Derecho (H),facultad de derecho,40563,65,3593.5576923076924,1308055,364,5,0,1,6,0.0,0.0,0.0,0.0,0.0,0.0,0.0
55,Ministro Carranza,D,2.0,0.08682328907048008,0.033496424538953705,0.00613669617886162,50,20.0,9.0,48.0,40.0,76.0,15.0,75.0,16.0,73.0,16.0,58.4,19.2,-34.57517836,-58.43501353,Ministro Carranza (D),ministro carranza,53090,65,5122.475274725275,1864581,364,10,5,30,45,0.08489388264669173,0.055515874959635635,0.08042204953734397,-0.029378007687056097,0.024906174577708336,0.1294048481412659,0.048982798603921934
71,Emilio Mitre,E,2.0,0.0658835546475996,0.035500598324690866,0.00937734096809163,52,20.0,9.0,58.0,29.0,73.0,18.0,70.0,21.0,77.0,12.0,59.6,17.8,-34.63104184,-58.44217071,Emilio Mitre (E),emilio mitre,53256,65,2836.043956043956,1032320,364,9,1,8,18,0.0644194756554307,0.021804992675116285,0.013743593041361423,-0.042614482980314415,-0.008061399633754861,0.021987758915729686,0.008244165874368263
1,Plaza de Mayo,A,1.0,0.0,0.04550102249488753,0.11029641339402596,45,83.0,1.0,83.0,1.0,50.0,41.0,23.0,68.0,60.0,28.0,59.8,27.8,-34.60881031,-58.3709685,Plaza de Mayo (A),plaza de mayo,16911,35,9821.236263736264,3574930,364,15,3,15,33,0.0,0.0,0.0,0.0,0.0,0.0,0.0
15,Puan,A,2.0,0.0658835546475996,0.03423076923076923,0.005219382267972843,51,20.0,9.0,58.0,29.0,75.0,16.0,77.0,14.0,76.0,15.0,61.2,16.6,-34.62352895,-58.44864765,Puan (A),puan,69795,83,4004.96978021978,1457809,364,15,6,12,33,0.06441947565543067,0.03768986344983722,0.028801840236665717,-0.026729612205593452,-0.008888023213171503,0.08442358770852362,0.055621747471857906
32,Tronador,B,2.0,0.0658835546475996,0.032914201183431954,0.004165668977805785,50,20.0,9.0,58.0,29.0,78.0,13.0,78.0,13.0,73.0,16.0,61.4,16.0,-34.58409462,-58.4662272,Tronador (B),tronador,31011,36,3065.8953168044077,1112920,363,4,0,8,12,0.06441947565543067,0.025823806447590154,0.030088356540190656,-0.03859566920784052,0.0042645500926005026,0.07615088238690643,0.046062525846715774
56,Olleros,D,2.0,0.0658835546475996,0.031549096065225095,0.004047641724899542,52,20.0,9.0,58.0,29.0,80.0,11.0,79.0,12.0,77.0,12.0,62.8,14.6,-34.57001231,-58.44466815,Olleros (D),olleros,76016,94,5595.161904761905,1762476,315,14,14,54,82,0.06441947565543069,0.04195757970432082,0.06665704048040272,-0.022461895951109867,0.0246994607760819,0.10871993533012082,0.042062894849718105
72,Medalla Milagrosa,E,2.0,0.04443309499489275,0.03327102803738318,0.0059955660660145115,54,20.0,9.0,64.0,23.0,77.0,14.0,76.0,15.0,81.0,8.0,63.6,13.8,-34.63638919,-58.45027826,Medalla Milagrosa (E),medalla milagrosa,43950,56,1297.4752747252746,472281,364,13,6,4,23,0.043445692883895146,0.013334554469814745,0.007695795104051063,-0.0301111384140804,-0.005638759365763682,0.016087682277723538,0.008391887173672475
16,Carabobo,A,2.0,0.04443309499489275,0.032153179190751446,0.003337526607209034,53,20.0,9.0,64.0,23.0,79.0,12.0,81.0,10.0,80.0,11.0,64.8,13.0,-34.62666659,-58.4567098,Carabobo (A),carabobo,67743,84,6085.381868131868,2215079,364,17,9,17,43,0.043445692883895146,0.02452591947704698,0.01858479679113302,-0.018919773406848167,-0.005941122685913958,0.0664325533054077,0.047847756514274684
33,De los Incas,B,2.0,0.04443309499489275,0.030988857938718663,0.0026639400867887724,52,20.0,9.0,64.0,23.0,82.0,9.0,82.0,9.0,77.0,12.0,65.0,12.4,-34.58124885,-58.47424083,De los Incas (B),de los incas,40435,51,4873.181318681319,1773838,364,6,5,32,43,0.04344569288389508,0.018815570358441974,0.02308301079898134,-0.02463012252545311,0.004267440440539366,0.05989627623276958,0.03681326543378824
57,José Hernández,D,2.0,0.04443309499489275,0.02977584476413516,0.0025876804316144193,54,20.0,9.0,64.0,23.0,84.0,7.0,83.0,8.0,81.0,8.0,66.4,11.0,-34.56621524,-58.4521256,José Hernández (D),jose hernandez,82960,110,5256.769461077844,1755761,334,19,20,132,171,0.04344569288389515,0.028283387405570085,0.04574495560503598,-0.015162305478325068,0.0174615681994659,0.09014624211310929,0.044401286508073304
43,Constitución,C,1.0,0.0,0.0407695831424645,0.049378417051944366,46,83.0,1.0,83.0,1.0,62.0,28.0,46.0,45.0,64.0,24.0,67.6,19.8,-34.62761945,-58.38143443,Constitución (C),constitucion,45693,65,48533.22802197802,17666095,364,2,12,18,32,0.0,0.0,0.0,0.0,0.0,0.0,0.0
73,Varela,E,2.0,0.02247191011235955,0.03126097646645592,0.0035449303113319437,56,20.0,9.0,73.0,12.0,81.0,10.0,80.0,11.0,85.0,4.0,67.8,9.2,-34.64013735,-58.45789175,Varela (E),varela,37174,48,1520.4917127071824,550418,362,8,3,4,15,0.021972534332084896,0.006461126011026825,0.003417016584324972,-0.015511408321058072,-0.003044109426701853,0.010693626447460974,0.007276609863136002
17,San José de Flores,A,2.0,0.02247191011235955,0.030272108843537416,0.0019735503710544542,55,20.0,9.0,73.0,12.0,83.0,8.0,84.0,7.0,84.0,7.0,68.8,8.6,-34.62908723,-58.46354051,San José de Flores (A),san jose de flores,66995,87,6968.854395604396,2536663,364,21,8,20,49,0.0219725343320849,0.011610547338125159,0.008326686774388805,-0.010361986993959741,-0.003283860563736354,0.04347684587362078,0.03515015909923198
90,Echeverria,B,2.0,0.02247191011235955,0.02923784494086728,0.001575347337460276,54,20.0,9.0,73.0,12.0,86.0,5.0,86.0,5.0,81.0,8.0,69.2,7.8,-34.57779738,-58.48101421,Echeverria (B),echeverria,56118,67,3306.728021978022,1203649,364,8,7,59,74,0.0219725343320849,0.0096421275992564,0.013076416053308806,-0.0123304067328285,0.0034342884540524057,0.051336965764857787,0.03826054971154898
58,Juramento,D,2.0,0.02247191011235955,0.028155646947168617,0.001529865666071341,56,20.0,9.0,73.0,12.0,88.0,3.0,87.0,4.0,85.0,4.0,70.6,6.4,-34.56230908,-58.45648913,Juramento (D),juramento,90745,124,8194.367283950618,2654975,324,19,18,219,256,0.0219725343320849,0.012839990588100886,0.016161003118184542,-0.009132543743984013,0.0033210125300836557,0.05475733047778024,0.0385963273595957
89,Hospitales,H,1.0,0.0,0.03867883528900478,0.006622731622693048,45,83.0,1.0,83.0,1.0,67.0,24.0,73.0,18.0,60.0,28.0,73.2,14.4,-34.64126894,-58.41238515,Hospitales (H),hospitales,31914,36,8660.785714285714,3152526,364,11,5,6,22,0.0,0.0,0.0,0.0,0.0,0.0,0.0
74,Plaza de los Virreyes,E,1.0,0.0,0.029440952695997353,0.001644771057694755,58,83.0,1.0,83.0,1.0,85.0,6.0,85.0,6.0,89.0,1.0,85.0,3.0,-34.64331216,-58.46165176,Plaza de los Virreyes (E),plaza de los virreyes,36363,42,5945.618131868132,2164205,364,5,1,3,9,0.0,0.0,0.0,0.0,0.0,0.0,0.0
18,San Pedrito,A,1.0,0.0,0.028562259306803596,0.0009157496763281733,57,83.0,1.0,83.0,1.0,87.0,4.0,88.0,3.0,88.0,3.0,85.8,2.4,-34.63070709,-58.46963963,San Pedrito (A),san pedrito,60382,76,17887.675824175825,6511114,364,9,5,23,37,0.0,0.0,0.0,0.0,0.0,0.0,0.0
34,Juan Manuel de Rosas,B,1.0,0.0,0.027639751552795033,0.0007310109862807386,56,83.0,1.0,83.0,1.0,89.0,2.0,89.0,2.0,85.0,4.0,85.8,2.0,-34.57431891,-58.48638535,Juan Manuel de Rosas (B),juan manuel de rosas,60875,67,15834.28021978022,5763678,364,21,16,75,112,0.0,0.0,0.0,0.0,0.0,0.0,0.0
59,Congreso de Tucumán,D,1.0,0.0,0.026670662271501347,0.0007097864970365803,58,83.0,1.0,83.0,1.0,90.0,1.0,90.0,1.0,89.0,1.0,87.0,1.0,-34.55564176,-58.4623784,Congreso de Tucumán (D),congreso de tucuman,72788,91,13452.793785310734,4762289,354,12,14,76,102,0.0,0.0,0.0,0.0,0.0,0.0,0.0
