id,estacion,linea,grado,betweenness,closeness,autovector,excentricidad,r_grado,r_grado_periferia,r_betweenness,r_betweenness_periferia,r_closeness,r_closeness_periferia,r_autovector,r_autovector_periferia,r_excentricidad,r_excentricidad_periferia,score_central,score_periferico,lat,long,clave_estacion,nombre_norm,demanda_potencial,radios_cubiertos,pasajeros_diarios_promedio,pasajeros_totales_periodo,dias_observados,educacion,salud,comercio,atraccion_total,betweenness_uniforme,betweenness_demanda,betweenness_atraccion,cambio_demanda_vs_uniforme,cambio_atraccion_vs_demanda
82,Corrientes,H,3.0,0.3195750609543714,0.059219380888290714,0.06839834411524028,31,6.0,71.0,2.0,88.0,2.0,88.0,35.0,55.0,2.0,87.0,9.4,77.8,-34.6044902,-58.40545033,Corrientes (H),corrientes,81224,113,2994.6043956043954,1090036,364,14,6,129,149,0.3123935989104536,0.27509291970541466,0.25746095366692956,-0.037300679205038934,-0.017631966038485103
45,9 de Julio,D,4.0,0.1513409961685824,0.05385556915544676,0.24014623385789294,39,1.0,85.0,15.0,75.0,8.0,82.0,4.0,86.0,20.0,66.0,9.6,78.8,-34.6042452,-58.38057434,9 de Julio (D),9 de julio,33877,65,2382.1635220125786,757528,318,12,11,37,60,0.1479400749063672,0.09892262321166945,0.12256112541497569,-0.04901745169469776,0.02363850220330624
83,Once,H,3.0,0.33472657610588646,0.05953991880920163,0.06740512204835046,33,6.0,71.0,1.0,89.0,1.0,89.0,37.0,53.0,4.0,85.0,9.8,77.4,-34.60893524,-58.40603638,Once (H),once,81061,110,8553.021978021978,3113300,364,12,12,102,126,0.32720463057541793,0.272029314925066,0.22854599488814367,-0.05517531565035194,-0.04348332003692232
60,Bolívar,E,4.0,0.12774294670846395,0.05330102967898243,0.27780301906001065,38,1.0,85.0,24.0,66.0,11.0,79.0,1.0,89.0,14.0,71.0,10.2,78.0,-34.60924243,-58.37368422,Bolívar (E),bolivar,22911,42,5880.6373626373625,2140552,364,26,9,23,58,0.12487231869254349,0.06285700688553812,0.06464658248626326,-0.06201531180700537,0.0017895756007251379
38,Diagonal Norte,C,4.0,0.11659700452803903,0.052916416115454,0.2593208778535641,35,1.0,85.0,30.0,60.0,13.0,77.0,2.0,88.0,6.0,82.0,10.4,78.4,-34.60484374,-58.37952998,Diagonal Norte (C),diagonal norte,30842,59,2977.2747252747254,1083728,364,12,9,37,58,0.11397684712291474,0.06774574346330554,0.08411757111495362,-0.046231103659609196,0.016371827651648074
25,Pueyrredón,B,3.0,0.2402037617554859,0.05432098765432099,0.06745495736793301,36,6.0,71.0,4.0,86.0,6.0,84.0,36.0,54.0,9.0,80.0,12.2,75.0,-34.60458106,-58.40539944,Pueyrredón (B),pueyrredon,80093,111,6294.65228426396,2480093,364,14,8,129,151,0.2348059244126664,0.16737197868635623,0.15416650439918606,-0.06743394572631017,-0.013205474287170171
85,Humberto 1º,H,3.0,0.23380355276907003,0.055345911949685536,0.057231900121917825,37,6.0,71.0,6.0,83.0,5.0,85.0,42.0,48.0,11.0,77.0,14.0,72.8,-34.62309232,-58.40232273,Humberto 1º (H),humberto 1o,65221,81,3579.0164835164837,1302762,364,4,8,20,32,0.22854954034729358,0.1513948156441008,0.11469915277666232,-0.07715472470319279,-0.03669566286743847
39,Avenida de Mayo,C,3.0,0.1060170672239638,0.052948255114320095,0.2525998731266645,36,6.0,71.0,40.0,50.0,12.0,78.0,3.0,87.0,9.0,80.0,14.0,73.2,-34.60898331,-58.38061072,Avenida de Mayo (C),avenida de mayo,38600,67,2625.3763736263736,955637,364,13,9,15,37,0.10363466121893102,0.066180394542025,0.06939126962537959,-0.03745426667690602,0.003210875083354589
80,Santa Fe,H,3.0,0.18991640543364682,0.054087277197295634,0.04590443614380962,31,6.0,71.0,9.0,81.0,7.0,83.0,48.0,42.0,2.0,87.0,14.4,72.8,-34.5945254,-58.40237618,Santa Fe (H),santa fe,114052,137,6802.057692307692,2475949,364,20,35,107,162,0.18564862104187976,0.16200829026710234,0.16199693043285623,-0.023640330774777424,-1.1359834246105205e-05
84,Venezuela,H,2.0,0.2079414838035528,0.05699481865284974,0.057828136133647026,35,20.0,9.0,8.0,82.0,3.0,87.0,41.0,49.0,6.0,82.0,15.6,61.8,-34.61524215,-58.40473171,Venezuela (H),venezuela,76973,101,3938.3516483516482,1433560,364,16,15,19,50,0.203268641470889,0.14678398349733995,0.11433239074017988,-0.05648465797354904,-0.03245159275716007
49,Pueyrredón,D,3.0,0.2434691745036573,0.05113306217315514,0.06568325146046476,38,6.0,71.0,3.0,87.0,19.0,71.0,38.0,52.0,14.0,71.0,16.0,70.4,-34.59442572,-58.40239534,Pueyrredón (D),pueyrredon,114579,138,3596.3382352941176,1222755,340,18,33,106,157,0.23799795709908117,0.18959145915328124,0.2170248311516379,-0.04840649794579993,0.02743337199835666
81,Córdoba,H,2.0,0.179858934169279,0.05580215599239061,0.05303291233124186,30,20.0,9.0,11.0,79.0,4.0,86.0,45.0,45.0,1.0,89.0,16.2,61.6,-34.59845511,-58.4037215,Córdoba (H),cordoba,99144,127,4620.662087912088,1681921,364,20,26,69,115,0.1758171603677224,0.16329420509681697,0.16512251772597225,-0.01252295527090544,0.001828312629155282
9,Plaza Miserere,A,3.0,0.2383315917798676,0.05356055995130858,0.05715713664657793,39,6.0,71.0,5.0,85.0,10.0,80.0,43.0,47.0,20.0,66.0,16.8,69.8,-34.60981725,-58.40670712,Plaza Miserere (A),plaza miserere,77341,105,8719.263736263736,3173812,364,16,12,85,113,0.23297582567245517,0.19794404672909383,0.1600582032603132,-0.03503177894336135,-0.03788584346878063
44,Catedral,D,3.0,0.08760013932427728,0.0535931790499391,0.2070767208314543,37,6.0,71.0,51.0,39.0,9.0,81.0,9.0,81.0,11.0,77.0,17.2,69.8,-34.60780233,-58.3739558,Catedral (D),catedral,22213,42,10582.574603174604,3333511,315,22,11,27,60,0.08563159686755203,0.05162271686505021,0.05926921138716808,-0.03400888000250182,0.0076464945221178665
21,Carlos Pellegrini,B,4.0,0.11603099965168934,0.05045871559633028,0.16731946617709031,40,1.0,85.0,32.0,58.0,25.0,65.0,15.0,75.0,25.0,59.0,19.6,68.4,-34.60363711,-58.38071485,Carlos Pellegrini (B),carlos pellegrini,34559,67,10392.112637362638,3782729,364,11,10,43,64,0.11342356145726956,0.05594578481850066,0.07442544557700888,-0.0574777766387689,0.018479660758508216
66,Jujuy,E,3.0,0.23380355276907003,0.05204021289178001,0.06942539319691073,42,6.0,71.0,6.0,83.0,15.0,75.0,34.0,56.0,44.0,42.0,21.0,65.4,-34.62386571,-58.40293658,Jujuy (E),jujuy,63307,78,1803.85989010989,656605,364,5,8,16,29,0.22854954034729294,0.13676246580942814,0.10293342015423859,-0.0917870745378648,-0.033829045655189544
46,Tribunales,D,2.0,0.12421630094043888,0.05137186223000584,0.16501837571823497,41,20.0,9.0,26.0,64.0,16.0,73.0,16.0,74.0,32.0,47.0,22.0,53.4,-34.60158716,-58.38514235,Tribunales (D),tribunales,56649,96,5601.983766233766,1725411,308,17,7,28,52,0.12142492339121566,0.08675101918423245,0.10991686329556719,-0.034673904206983214,0.023165844111334738
2,Perú,A,4.0,0.08642459073493555,0.050662061024755324,0.2377569306701636,41,1.0,85.0,53.0,37.0,22.0,68.0,5.0,85.0,32.0,47.0,22.6,64.4,-34.60855907,-58.37426773,Perú (A),peru,22445,40,5286.607142857143,1924325,364,24,11,26,61,0.08448246510044269,0.04367154991524092,0.04654859498938989,-0.04081091518520177,0.0028770450741489664
62,Independencia,E,3.0,0.12643678160919541,0.049914917753828704,0.2024556771232225,42,6.0,71.0,25.0,65.0,30.0,59.0,10.0,80.0,44.0,42.0,23.0,63.4,-34.61793739,-58.38153494,Independencia (E),independencia,60129,95,5440.720812182741,2143644,364,13,4,25,42,0.12359550561797758,0.06599065532197153,0.06116952604040829,-0.05760485029600605,-0.004821129281563238
24,Pasteur,B,2.0,0.11015325670498087,0.052318668252080855,0.07245670594813614,38,20.0,9.0,34.0,56.0,14.0,76.0,33.0,57.0,14.0,71.0,23.0,53.8,-34.60464297,-58.39947426,Pasteur (B),pasteur,85589,119,5645.744274809161,1479185,262,25,9,25,59,0.10767790262172296,0.061091211055789074,0.0746786781869353,-0.04658669156593388,0.013587467131146225
4,Lima,A,3.0,0.10623476140717523,0.04985835694050991,0.21115189184210295,41,6.0,71.0,39.0,51.0,32.0,57.0,7.0,83.0,32.0,47.0,23.2,61.8,-34.60909981,-58.3822324,Lima (A),lima,44670,75,4098.159340659341,1491730,364,13,6,12,31,0.1038474633980253,0.06602902242678885,0.06901079345478149,-0.03781844097123645,0.002981771027992644
77,Correo Central,E,3.0,0.06805120167189134,0.0505166475315729,0.19809549742639415,39,6.0,71.0,56.0,34.0,23.0,66.0,12.0,78.0,20.0,66.0,23.4,63.0,-34.60301391,-58.3704125,Correo Central (E),correo central,19036,36,4141.32967032967,1507444,364,15,5,19,39,0.06652196118488257,0.027124451500801915,0.029240570318762475,-0.03939750968408066,0.0021161188179605606
22,Uruguay,B,2.0,0.10218564959944273,0.0505166475315729,0.11878288662106691,38,20.0,9.0,43.0,47.0,23.0,66.0,20.0,70.0,14.0,71.0,24.0,52.6,-34.60409355,-58.38729613,Uruguay (B),uruguay,54539,93,6843.834710743801,2484312,363,21,10,34,65,0.09988934286687115,0.04859611355123776,0.06239278869286743,-0.05129322931563339,0.013796675141629668
40,Moreno,C,2.0,0.07001044932079416,0.050808314087759814,0.20071763581228796,38,20.0,9.0,55.0,35.0,20.0,70.0,11.0,79.0,14.0,71.0,24.0,52.8,-34.61261728,-58.38044447,Moreno (C),moreno,52063,84,2849.510989010989,1037222,364,19,8,11,38,0.0684371807967314,0.0420938167915435,0.04080111937306437,-0.026343364005187907,-0.0012926974184791287
61,Belgrano,E,2.0,0.08699059561128528,0.05131195335276968,0.22279801995775902,40,20.0,9.0,52.0,38.0,18.0,72.0,6.0,84.0,25.0,59.0,24.2,52.4,-34.61284911,-58.37758089,Belgrano (E),belgrano,42199,72,2338.8626373626375,851346,364,20,7,19,46,0.08503575076608785,0.04470630394813141,0.044984754354102485,-0.040329446817956444,0.00027845040597107573
26,Carlos Gardel,B,2.0,0.1671891327063741,0.049943246311010214,0.045575528786451124,38,20.0,9.0,12.0,76.0,28.0,61.0,49.0,41.0,14.0,71.0,24.6,51.6,-34.60407952,-58.4117626,Carlos Gardel (B),carlos gardel,81279,109,8564.380165289256,3108870,363,12,7,24,43,0.1634320735444334,0.09585195034149668,0.08718393707170541,-0.06758012320293671,-0.008668013269791275
48,Facultad de Medicina,D,2.0,0.11912225705329155,0.049943246311010214,0.08408373185595351,40,20.0,9.0,28.0,62.0,28.0,61.0,30.0,60.0,25.0,59.0,26.2,50.2,-34.59975708,-58.39792375,Facultad de Medicina (D),facultad de medicina,90884,123,8617.887323943662,2447480,284,41,23,18,82,0.11644535240040868,0.08858731735557546,0.11289614880871097,-0.027858035044833224,0.024308831453135518
63,San José,E,2.0,0.11598746081504703,0.04985835694050991,0.14158479216828151,41,20.0,9.0,33.0,57.0,32.0,57.0,18.0,72.0,32.0,47.0,27.0,48.4,-34.62233949,-58.38514855,San José (E),san jose,64362,93,1834.3131868131868,667690,364,22,1,15,38,0.11338100102145048,0.05914902879493355,0.05219647494754123,-0.05423197222651693,-0.006952553847392316
23,Callao,B,2.0,0.10440613026819927,0.05069124423963134,0.0887216342532127,40,20.0,9.0,41.0,49.0,21.0,69.0,28.0,62.0,25.0,59.0,27.0,49.6,-34.60441954,-58.39231424,Callao (B),callao,69278,111,8552.332417582418,3113049,364,44,24,39,107,0.10205992509363306,0.051563311304824735,0.06187522577209012,-0.05049661378880832,0.010311914467265385
41,Independencia,C,3.0,0.07654127481713689,0.049079754601226995,0.18006330947288493,40,6.0,71.0,54.0,36.0,38.0,52.0,13.0,77.0,25.0,59.0,27.2,59.0,-34.6181256,-58.38017361,Independencia (C),independencia,57252,94,3419.027918781726,1347097,364,21,1,26,48,0.07482124616956082,0.04557649026260587,0.039625107205914036,-0.029244755906954946,-0.005951383056691836
47,Callao,D,2.0,0.11794670846394985,0.049689440993788817,0.11556257703608329,41,20.0,9.0,29.0,61.0,35.0,55.0,22.0,68.0,32.0,47.0,27.6,48.0,-34.59963955,-58.39312518,Callao (D),callao,77743,111,6321.424332344213,2130320,317,56,21,46,123,0.11529622063329942,0.08328280974838148,0.10247618832198646,-0.03201341088491794,0.01919337857360498
50,Agüero,D,2.0,0.1857366771159875,0.047337278106508875,0.04438137775620226,40,20.0,9.0,10.0,80.0,45.0,45.0,50.0,40.0,25.0,59.0,30.0,46.6,-34.59162784,-58.40716132,Agüero (D),aguero,125052,148,4804.176848874598,1494099,311,17,19,88,124,0.18156281920326897,0.12719033592025714,0.15590395307811375,-0.054372483283011835,0.028713617157856614
8,Alberti,A,2.0,0.10366597004528039,0.05137186223000584,0.06211044204833151,41,20.0,9.0,42.0,48.0,16.0,73.0,40.0,50.0,32.0,47.0,30.0,45.4,-34.60983358,-58.40120753,Alberti (A),alberti,83110,115,2781.7906336088154,1009790,363,13,16,24,53,0.10133639768471242,0.07998390319754066,0.07086749832568655,-0.02135249448717176,-0.009116404871854111
10,Loria,A,2.0,0.1671891327063741,0.04929971988795518,0.03861739574114034,41,20.0,9.0,12.0,76.0,36.0,54.0,51.0,39.0,32.0,47.0,30.2,45.0,-34.61078169,-58.41518571,Loria (A),loria,81420,104,4540.7170329670325,1652821,364,19,11,11,41,0.1634320735444334,0.12395757832672738,0.10126583426241859,-0.03947449521770602,-0.022691744064308794
5,Sáenz Peña,A,2.0,0.09334726576105885,0.048916064480266815,0.14585981161492045,41,20.0,9.0,45.0,45.0,41.0,49.0,17.0,73.0,32.0,47.0,31.0,44.6,-34.60941259,-58.38677719,Sáenz Peña (A),saenz pena,59490,94,4316.142857142857,1571076,364,14,8,10,32,0.0912495743956419,0.059061655025092044,0.05984418239275058,-0.03218791937054985,0.0007825273676585337
37,Lavalle,C,2.0,0.04323406478578893,0.04832509610104338,0.1684983244322541,37,20.0,9.0,68.0,22.0,42.0,48.0,14.0,76.0,11.0,77.0,31.0,46.4,-34.60176992,-58.37815578,Lavalle (C),lavalle,33853,63,3802.2005494505493,1384001,364,17,17,75,109,0.04226251276813075,0.020496170926977527,0.02440779622567801,-0.02176634184115322,0.003911625298700483
64,Entre Ríos,E,2.0,0.11624869383490075,0.049914917753828704,0.10273889141057285,43,20.0,9.0,31.0,59.0,30.0,59.0,27.0,63.0,49.0,33.0,31.4,44.6,-34.62271967,-58.3915117,Entre Ríos (E),entre rios,71033,96,2532.2445054945056,921737,364,24,6,12,42,0.11363636363636366,0.05988958964639341,0.050059942175791024,-0.05374677398997025,-0.009829647470602387
27,Medrano,B,2.0,0.14811912225705332,0.04612159329140461,0.03077674543441659,40,20.0,9.0,16.0,71.0,47.0,43.0,54.0,36.0,25.0,59.0,32.4,43.6,-34.6031649,-58.42096247,Medrano (B),medrano,84548,106,8978.29945054945,3268101,364,16,3,17,36,0.14479060265577146,0.07336337697866085,0.07044413143535633,-0.0714272256771106,-0.0029192455433045272
65,Pichincha,E,2.0,0.11990595611285268,0.050400916380297825,0.07987240872229155,44,20.0,9.0,27.0,63.0,26.0,64.0,31.0,59.0,58.0,28.0,32.4,44.6,-34.62310987,-58.39706807,Pichincha (E),pichincha,64642,85,1551.6263736263736,564792,364,18,8,13,39,0.11721144024514836,0.06712156538731653,0.0534119970805756,-0.050089874857831826,-0.013709568306740937
3,Piedras,A,2.0,0.06687565308254964,0.049189491335941866,0.20825430974492312,43,20.0,9.0,57.0,33.0,37.0,53.0,8.0,82.0,49.0,33.0,34.2,42.0,-34.60888172,-58.37908515,Piedras (A),piedras,33565,57,3206.151098901099,1167039,364,18,11,24,53,0.06537282941777325,0.037811504117518026,0.039778018590921706,-0.027561325300255228,0.00196651447340368
86,Inclán,H,2.0,0.06661442006269593,0.0502283105022831,0.037754548073712445,39,20.0,9.0,58.0,28.0,27.0,63.0,52.0,38.0,20.0,66.0,35.4,40.8,-34.62937565,-58.40096955,Inclán (H),inclan,51235,63,3366.054945054945,1225244,364,6,3,13,22,0.0651174668028601,0.0317169721104391,0.024075098602171316,-0.033400494692421,-0.0076418735082677824
7,Pasco,A,2.0,0.09622082897944965,0.0497456189937818,0.07671924174370678,43,20.0,9.0,44.0,46.0,34.0,56.0,32.0,58.0,49.0,33.0,35.8,40.4,-34.60964596,-58.39842699,Pasco (A),pasco,81685,117,1628.1349862258953,591013,363,24,14,22,60,0.09405856315968686,0.06632736312559773,0.06064849935522135,-0.027731200034089132,-0.00567886377037638
6,Congreso,A,2.0,0.09256356670149772,0.04897050639955482,0.10325872651910808,43,20.0,9.0,46.0,44.0,39.0,50.0,26.0,64.0,49.0,33.0,36.0,40.0,-34.60922568,-58.39266882,Congreso (A),congreso,75025,115,7020.241758241758,2555368,364,24,19,25,68,0.09048348655090238,0.059043025233866404,0.055374899599843236,-0.03144046131703598,-0.0036681256340231685
67,General Urquiza,E,2.0,0.14811912225705332,0.04790419161676647,0.04687678927171125,44,20.0,9.0,16.0,71.0,44.0,46.0,47.0,43.0,58.0,28.0,37.0,39.4,-34.62465379,-58.40939078,General Urquiza (E),general urquiza,56903,68,2207.848901098901,803657,364,21,4,13,38,0.14479060265577134,0.07302226475354448,0.05104892108303388,-0.07176833790222686,-0.021973343670510598
20,Florida,B,2.0,0.04009926854754441,0.04793028322440087,0.11701748766402688,41,20.0,9.0,69.0,21.0,43.0,47.0,21.0,69.0,32.0,47.0,37.0,38.6,-34.60329729,-58.37507152,Florida (B),florida,25090,48,7369.565934065934,2682522,364,24,9,57,90,0.039198161389172634,0.014868371829881346,0.018218035520373793,-0.024329789559291288,0.003349663690492447
51,Bulnes,D,2.0,0.1671891327063741,0.04397801099450275,0.02998069989173813,42,20.0,9.0,12.0,76.0,56.0,34.0,55.0,35.0,44.0,42.0,37.4,39.2,-34.58823711,-58.4112939,Bulnes (D),bulnes,115091,141,7927.234920634921,2497079,315,11,19,101,131,0.1634320735444334,0.10474117738779753,0.13351474374117012,-0.05869089615663586,0.02877356635337258
76,Catalinas,E,2.0,0.022857889237199586,0.04631578947368421,0.12090171059606213,41,20.0,9.0,71.0,19.0,46.0,44.0,19.0,71.0,32.0,47.0,37.6,38.0,-34.59659682,-58.37170033,Catalinas (E),catalinas,23457,44,2762.368131868132,1005502,364,5,7,22,34,0.022344228804902964,0.010522148416398388,0.008522594454592308,-0.011822080388504576,-0.0019995539618060804
79,Las Heras,H,2.0,0.022727272727272728,0.04897050639955482,0.027140479697847664,33,20.0,9.0,72.0,12.0,39.0,50.0,56.0,34.0,4.0,85.0,38.2,38.0,-34.58746155,-58.39721558,Las Heras (H),las heras,81211,100,5733.195054945055,2086883,364,13,11,47,71,0.022216547497446386,0.01500630276415337,0.008881363305501688,-0.007210244733293016,-0.006124939458651682
11,Castro Barros,A,2.0,0.14811912225705332,0.04557224236147074,0.026077618298908638,43,20.0,9.0,16.0,71.0,51.0,39.0,57.0,33.0,49.0,33.0,38.6,37.0,-34.61177023,-58.42181567,Castro Barros (A),castro barros,81656,98,5115.013736263736,1861865,364,31,4,17,52,0.14479060265577146,0.1053806881344357,0.08475853512780065,-0.03940991452133576,-0.020622153006635044
36,General San Martín,C,2.0,0.022596656217345874,0.04446690247599798,0.1038908269337995,39,20.0,9.0,79.0,11.0,54.0,36.0,25.0,65.0,20.0,66.0,39.6,37.4,-34.5950574,-58.37781905,General San Martín (C),general san martin,40846,60,2874.947802197802,1046481,364,12,8,60,80,0.022088866189989797,0.008146412498024138,0.006791389802975717,-0.013942453691965659,-0.0013550226950484207
28,Ángel Gallardo,B,2.0,0.12852664576802508,0.042759961127308066,0.020758523835228818,42,20.0,9.0,20.0,67.0,58.0,32.0,60.0,30.0,44.0,42.0,40.4,36.0,-34.60216223,-58.43127386,Ángel Gallardo (B),angel gallardo,76859,99,7665.7829670329675,2790345,364,14,11,14,39,0.12563840653728314,0.05437134674407766,0.0559086102894919,-0.07126705979320548,0.0015372635454142386
42,San Juan,C,2.0,0.022727272727272728,0.044829342842587876,0.10644111203738525,42,20.0,9.0,72.0,12.0,52.0,38.0,24.0,66.0,44.0,42.0,42.4,33.4,-34.62191673,-58.37992118,San Juan (C),san juan,57061,89,2625.7994505494507,955791,364,17,1,18,36,0.022216547497446382,0.013234722723368265,0.01102897288674541,-0.008981824774078117,-0.002205749836622856
68,Boedo,E,2.0,0.12852664576802508,0.04428787116255662,0.031613611866360795,46,20.0,9.0,20.0,67.0,55.0,35.0,53.0,37.0,65.0,23.0,42.6,34.2,-34.62536611,-58.41553282,Boedo (E),boedo,55081,67,3177.552197802198,1156629,364,6,7,20,33,0.12563840653728303,0.059218461467911473,0.04005677399789984,-0.06641994506937156,-0.01916168747001163
19,Leandro N. Alem,B,2.0,0.030825496342737724,0.04602510460251046,0.08491918719265118,43,20.0,9.0,70.0,20.0,49.0,41.0,29.0,61.0,49.0,33.0,43.4,32.8,-34.60298949,-58.36992985,Leandro N. Alem (B),leandro n alem,17820,34,10306.417582417582,3751536,364,15,5,14,34,0.030132788559754858,0.012277312415577904,0.015530163809931606,-0.017855476144176954,0.003252851394353702
52,Scalabrini Ortiz,D,2.0,0.14811912225705332,0.040987424312994875,0.020241646928812633,44,20.0,9.0,16.0,71.0,64.0,26.0,61.0,29.0,58.0,28.0,43.8,32.6,-34.58515594,-58.41595542,Scalabrini Ortiz (D),scalabrini ortiz,95064,123,5049.890151515152,1333171,264,17,14,86,117,0.14479060265577143,0.08687640840214331,0.11562940167432191,-0.05791419425362812,0.028752993272178604
87,Caseros,H,2.0,0.04493207941483804,0.045881126173096975,0.024140012101739397,41,20.0,9.0,63.0,23.0,50.0,40.0,58.0,32.0,32.0,47.0,44.6,30.2,-34.63575018,-58.39892758,Caseros (H),caseros,33420,39,4091.0054945054944,1489126,364,14,0,3,17,0.043922369765066444,0.020427775107711793,0.015980209214359303,-0.02349459465735465,-0.00444756589335249
12,Río de Janeiro,A,2.0,0.12852664576802508,0.0422873618452667,0.01758874911638085,45,20.0,9.0,20.0,67.0,59.0,31.0,62.0,28.0,63.0,26.0,44.8,32.2,-34.61520561,-58.42950032,Río de Janeiro (A),rio de janeiro,81716,99,5864.340659340659,2134620,364,17,10,15,42,0.12563840653728314,0.08793450471578904,0.0714541263275082,-0.03770390182149411,-0.016480378388280842
35,Retiro,C,2.0,0.002220480668756531,0.041237113402061855,0.055446887864153006,41,20.0,9.0,81.0,9.0,61.0,29.0,44.0,46.0,32.0,47.0,47.6,28.0,-34.59119381,-58.37401822,Retiro (C),retiro,27647,41,17899.78426395939,7052515,364,6,2,7,15,0.0021705822267620023,0.000942824207320587,0.0014368894884115634,-0.0012277580194414153,0.0004940652810909764
53,Plaza Italia,D,2.0,0.12852664576802508,0.03831084022638224,0.013649686819406584,46,20.0,9.0,20.0,67.0,68.0,22.0,66.0,24.0,65.0,23.0,47.8,29.0,-34.58141119,-58.42119601,Plaza Italia (D),plaza italia,71961,92,6464.003095975232,2087873,323,18,10,79,107,0.12563840653728314,0.07402664155168401,0.10090090692289957,-0.051611764985599135,0.026874265371215567
29,Malabia,B,2.0,0.10841170323928946,0.039783001808318265,0.01396402664817542,44,20.0,9.0,35.0,52.0,65.0,25.0,65.0,25.0,58.0,28.0,48.6,27.8,-34.59896736,-58.4397715,Malabia (B),malabia,70473,97,9283.355371900827,3369858,363,20,11,44,75,0.10597548518896847,0.03753323719470613,0.038438634225555934,-0.06844224799426235,0.0009053970308498041
75,Retiro,E,2.0,0.0023510971786833857,0.04282238442822384,0.0625182704309329,43,20.0,9.0,80.0,10.0,57.0,33.0,39.0,51.0,49.0,33.0,49.0,27.2,-34.59211436,-58.37584984,Retiro (E),retiro,36246,51,2981.6116751269037,1174755,364,7,1,13,21,0.0022982635342185904,0.000702259271650666,0.001073121382054525,-0.0015960042625679243,0.0003708621104038589
69,Avenida La Plata,E,2.0,0.10841170323928946,0.04110228865016347,0.021263040314472206,48,20.0,9.0,35.0,52.0,63.0,27.0,59.0,31.0,69.0,19.0,49.2,27.6,-34.62701547,-58.42678902,Avenida La Plata (E),avenida la plata,56641,69,3374.717032967033,1228397,364,11,5,19,35,0.10597548518896843,0.04596866580666316,0.029416036777431313,-0.060006819382305274,-0.016552629029231845
13,Acoyte,A,2.0,0.10841170323928946,0.039373601789709174,0.011831553565372344,47,20.0,9.0,35.0,52.0,66.0,24.0,68.0,22.0,68.0,22.0,51.4,25.8,-34.61827997,-58.43642853,Acoyte (A),acoyte,94821,111,8047.755494505494,2929383,364,17,11,65,93,0.10597548518896847,0.06765025688257162,0.05042206138676868,-0.038325228306396855,-0.017228195495802942
88,Parque Patricios,H,2.0,0.022727272727272728,0.0421455938697318,0.01427347650062403,43,20.0,9.0,72.0,12.0,60.0,30.0,63.0,27.0,49.0,33.0,52.8,22.2,-34.63840599,-58.40579483,Parque Patricios (H),parque patricios,35434,41,6172.780219780219,2246892,364,12,3,9,24,0.022216547497446375,0.00921377534747335,0.007192898483349248,-0.013002772149973026,-0.002020876864124101
54,Palermo,D,2.0,0.10841170323928946,0.03590371277029784,0.009179752576513047,48,20.0,9.0,35.0,52.0,72.0,18.0,71.0,19.0,69.0,19.0,53.4,23.4,-34.57842202,-58.42571144,Palermo (D),palermo,52661,69,9413.406779661016,2776955,295,13,15,84,112,0.1059754851889685,0.0652358074344694,0.08720469526712193,-0.040739677754499104,0.021968887832652537
30,Dorrego,B,2.0,0.08777429467084641,0.03713080168776371,0.009337574994401406,46,20.0,9.0,47.0,40.0,70.0,20.0,70.0,20.0,65.0,23.0,54.4,22.4,-34.59171815,-58.44757309,Dorrego (B),dorrego,40064,50,6933.5192307692305,2523801,364,12,3,19,34,0.08580183861082748,0.029153675018495747,0.031349587823765096,-0.05664816359233173,0.002195912805269349
70,José María Moreno,E,2.0,0.08777429467084641,0.03827751196172249,0.014216151137243251,50,20.0,9.0,47.0,40.0,69.0,21.0,64.0,26.0,73.0,15.0,54.6,22.2,-34.62801755,-58.43381625,José María Moreno (E),jose maria moreno,59825,72,2775.7115384615386,1010359,364,6,1,16,23,0.08580183861082746,0.032818723912609274,0.020745882898232038,-0.05298311469821819,-0.012072841014377236
14,Primera Junta,A,2.0,0.08777429467084641,0.03677392394483912,0.007911473579549601,49,20.0,9.0,47.0,40.0,71.0,19.0,72.0,18.0,72.0,18.0,56.4,20.8,-34.62040521,-58.44117763,Primera Junta (A),primera junta,83638,102,7724.2692307692305,2811634,364,12,8,28,48,0.08580183861082748,0.051331707145973036,0.03849908338816485,-0.03447013146485444,-0.012832623757808186
1,Plaza de Mayo,A,1.0,0.0,0.046049188906331764,0.11029823290435807,43,82.0,1.0,82.0,1.0,48.0,42.0,23.0,67.0,49.0,33.0,56.8,28.8,-34.60881031,-58.3709685,Plaza de Mayo (A),plaza de mayo,16911,35,9821.236263736264,3574930,364,15,3,15,33,0.0,0.0,0.0,0.0,0.0
78,Facultad de Derecho,H,1.0,0.0,0.044647387113140535,0.012592311631564927,35,82.0,1.0,82.0,1.0,53.0,37.0,67.0,23.0,6.0,82.0,58.0,28.8,-34.58303634,-58.39101883,Facultad de Derecho (H),facultad de derecho,40563,65,3593.5576923076924,1308055,364,5,0,1,6,0.0,0.0,0.0,0.0,0.0
55,Ministro Carranza,D,2.0,0.08777429467084641,0.03372939823687236,0.006136804316471756,50,20.0,9.0,47.0,40.0,76.0,14.0,75.0,15.0,73.0,15.0,58.2,18.6,-34.57517836,-58.43501353,Ministro Carranza (D),ministro carranza,53090,65,5122.475274725275,1864581,364,10,5,30,45,0.08580183861082755,0.05591528047517598,0.08107713418108105,-0.029886558135651567,0.02516185370590507
31,Federico Lacroze,B,2.0,0.06661442006269593,0.03475513428120063,0.006160502125146671,48,20.0,9.0,58.0,28.0,74.0,16.0,74.0,16.0,69.0,19.0,59.0,17.6,-34.58719785,-58.45502928,Federico Lacroze (B),federico lacroze,25422,31,15754.706043956045,5734713,364,9,5,21,35,0.0651174668028601,0.02408213236773471,0.025405172816064425,-0.04103533443512539,0.0013230404483297147
71,Emilio Mitre,E,2.0,0.06661442006269593,0.035757822023567656,0.009377704960579646,52,20.0,9.0,58.0,28.0,73.0,17.0,69.0,21.0,77.0,11.0,59.4,17.2,-34.63104184,-58.44217071,Emilio Mitre (E),emilio mitre,53256,65,2836.043956043956,1032320,364,9,1,8,18,0.0651174668028601,0.021954576078615805,0.013842101530075852,-0.04316289072424429,-0.008112474548539953
15,Puan,A,2.0,0.06661442006269593,0.03444227005870842,0.005219531040137925,51,20.0,9.0,58.0,28.0,75.0,15.0,77.0,13.0,76.0,14.0,61.2,15.8,-34.62352895,-58.44864765,Puan (A),puan,69795,83,4004.96978021978,1457809,364,15,6,12,33,0.0651174668028601,0.037945995553271446,0.029011127419754475,-0.02717147124958865,-0.00893486813351697
56,Olleros,D,2.0,0.06661442006269593,0.031757488271382174,0.004047726124712454,52,20.0,9.0,58.0,28.0,80.0,10.0,78.0,12.0,77.0,11.0,62.6,14.0,-34.57001231,-58.44466815,Olleros (D),olleros,76016,94,5595.161904761905,1762476,315,14,14,54,82,0.0651174668028601,0.04226493160162841,0.06720839371056556,-0.022852535201231684,0.024943462108937144
32,Tronador,B,2.0,0.04493207941483804,0.03261675315048184,0.003939418151551838,50,20.0,9.0,63.0,23.0,78.0,12.0,79.0,11.0,73.0,15.0,62.6,14.0,-34.58409462,-58.4662272,Tronador (B),tronador,31011,36,3065.8953168044077,1112920,363,4,0,8,12,0.04392236976506645,0.01794242361589327,0.02164289738207093,-0.02597994614917318,0.0037004737661776622
72,Medalla Milagrosa,E,2.0,0.04493207941483804,0.03349828701941378,0.005995828474538186,54,20.0,9.0,63.0,23.0,77.0,13.0,76.0,14.0,81.0,7.0,63.4,13.2,-34.63638919,-58.45027826,Medalla Milagrosa (E),medalla milagrosa,43950,56,1297.4752747252746,472281,364,13,6,4,23,0.043922369765066395,0.013428011432661903,0.0077514103361473775,-0.030494358332404492,-0.005676601096514525
16,Carabobo,A,2.0,0.04493207941483804,0.03234105108416024,0.0033376441898155906,53,20.0,9.0,63.0,23.0,79.0,11.0,81.0,9.0,80.0,10.0,64.6,12.4,-34.62666659,-58.4567098,Carabobo (A),carabobo,67743,84,6085.381868131868,2215079,364,17,9,17,43,0.04392236976506639,0.024697206580681176,0.018722961596674192,-0.019225163184385212,-0.005974244984006984
57,José Hernández,D,2.0,0.04493207941483804,0.0299625468164794,0.0025877421450828265,54,20.0,9.0,63.0,23.0,84.0,6.0,82.0,8.0,81.0,7.0,66.0,10.6,-34.56621524,-58.4521256,José Hernández (D),jose hernandez,82960,110,5256.769461077844,1755761,334,19,20,132,171,0.04392236976506639,0.02849583948928315,0.04613193580498629,-0.015426530275783237,0.01763609631570314
43,Constitución,C,1.0,0.0,0.04117922321010763,0.04937926360267603,44,82.0,1.0,82.0,1.0,62.0,28.0,46.0,44.0,58.0,28.0,66.0,20.4,-34.62761945,-58.38143443,Constitución (C),constitucion,45693,65,48533.22802197802,17666095,364,2,12,18,32,0.0,0.0,0.0,0.0,0.0
33,De los Incas,B,2.0,0.022727272727272728,0.030683403068340307,0.0023295078032484363,52,20.0,9.0,72.0,12.0,82.0,8.0,83.0,7.0,77.0,11.0,66.8,9.4,-34.58124885,-58.47424083,De los Incas (B),de los incas,40435,51,4873.181318681319,1773838,364,6,5,32,43,0.022216547497446372,0.010571226620044692,0.01433354312842695,-0.01164532087740168,0.003762316508382258
73,Varela,E,2.0,0.022727272727272728,0.031462281015373614,0.0035451000230704915,56,20.0,9.0,72.0,12.0,81.0,9.0,80.0,10.0,85.0,4.0,67.6,8.8,-34.64013735,-58.45789175,Varela (E),varela,37174,48,1520.4917127071824,550418,362,8,3,4,15,0.022216547497446386,0.0065072251514672625,0.003441907072492429,-0.015709322345979125,-0.0030653180789748337
17,San José de Flores,A,2.0,0.022727272727272728,0.030439294361812523,0.0019736309349583673,55,20.0,9.0,72.0,12.0,83.0,7.0,84.0,6.0,84.0,6.0,68.6,8.0,-34.62908723,-58.46354051,San José de Flores (A),san jose de flores,66995,87,6968.854395604396,2536663,364,21,8,20,49,0.022216547497446382,0.01169374140507456,0.008389919526250376,-0.010522806092371823,-0.0033038218788241838
58,Juramento,D,2.0,0.022727272727272728,0.02832314129385259,0.001529905944433574,56,20.0,9.0,72.0,12.0,88.0,2.0,86.0,4.0,85.0,4.0,70.2,6.2,-34.56230908,-58.45648913,Juramento (D),juramento,90745,124,8194.367283950618,2654975,324,19,18,219,256,0.022216547497446386,0.012938929462814072,0.016301693504915647,-0.009277618034632314,0.0033627640421015747
89,Hospitales,H,1.0,0.0,0.038903625110521665,0.006622735588170663,45,82.0,1.0,82.0,1.0,67.0,23.0,73.0,17.0,63.0,26.0,73.4,13.6,-34.64126894,-58.41238515,Hospitales (H),hospitales,31914,36,8660.785714285714,3152526,364,11,5,6,22,0.0,0.0,0.0,0.0,0.0
34,Juan Manuel de Rosas,B,1.0,0.0,0.028928336620644313,0.001080932296091031,54,82.0,1.0,82.0,1.0,86.0,4.0,87.0,3.0,81.0,7.0,83.6,3.2,-34.57431891,-58.48638535,Juan Manuel de Rosas (B),juan manuel de rosas,60875,67,15834.28021978022,5763678,364,21,16,75,112,0.0,0.0,0.0,0.0,0.0
74,Plaza de los Virreyes,E,1.0,0.0,0.029619656681252104,0.0016448543138574134,58,82.0,1.0,82.0,1.0,85.0,5.0,85.0,5.0,88.0,1.0,84.4,2.6,-34.64331216,-58.46165176,Plaza de los Virreyes (E),plaza de los virreyes,36363,42,5945.618131868132,2164205,364,5,1,3,9,0.0,0.0,0.0,0.0,0.0
18,San Pedrito,A,1.0,0.0,0.02871125611745514,0.0009157904839828891,57,82.0,1.0,82.0,1.0,87.0,3.0,88.0,2.0,87.0,3.0,85.2,2.0,-34.63070709,-58.46963963,San Pedrito (A),san pedrito,60382,76,17887.675824175825,6511114,364,9,5,23,37,0.0,0.0,0.0,0.0,0.0
59,Congreso de Tucumán,D,1.0,0.0,0.02682109113075282,0.0007098063577726654,58,82.0,1.0,82.0,1.0,89.0,1.0,89.0,1.0,88.0,1.0,86.0,1.0,-34.55564176,-58.4623784,Congreso de Tucumán (D),congreso de tucuman,72788,91,13452.793785310734,4762289,354,12,14,76,102,0.0,0.0,0.0,0.0,0.0
